"","Significant"
"rail_64304","rail_64304"
"rail_68126","rail_68126"
"rail_62640","rail_62640"
"rail_66285","rail_66285"
"rail_69419","rail_69419"
"rail_71088","rail_71088"
"rail_67165","rail_67165"
"rail_60339","rail_60339"
"rail_66988","rail_66988"
"rail_64914","rail_64914"
"rail_60479","rail_60479"
"rail_61904","rail_61904"
"rail_63038","rail_63038"
"rail_63840","rail_63840"
"rail_64131","rail_64131"
"rail_65018","rail_65018"
"rail_65381","rail_65381"
"rail_65683","rail_65683"
"rail_66577","rail_66577"
"rail_67510","rail_67510"
"rail_70291","rail_70291"
"rail_70401","rail_70401"
"rail_70652","rail_70652"
"rail_67492","rail_67492"
"rail_61269","rail_61269"
"rail_63170","rail_63170"
"rail_64660","rail_64660"
"rail_68969","rail_68969"
"rail_70475","rail_70475"
"rail_64534","rail_64534"
"rail_68213","rail_68213"
"rail_69140","rail_69140"
"rail_69906","rail_69906"
"rail_70294","rail_70294"
"rail_70948","rail_70948"
"rail_68535","rail_68535"
"rail_68000","rail_68000"
"rail_64673","rail_64673"
"rail_66596","rail_66596"
"rail_71035","rail_71035"
"rail_67840","rail_67840"
"rail_60033","rail_60033"
"rail_60055","rail_60055"
"rail_62838","rail_62838"
"rail_62846","rail_62846"
"rail_63457","rail_63457"
"rail_65372","rail_65372"
"rail_65608","rail_65608"
"rail_68494","rail_68494"
"rail_70079","rail_70079"
"rail_60324","rail_60324"
"rail_60409","rail_60409"
"rail_61668","rail_61668"
"rail_65346","rail_65346"
"rail_67747","rail_67747"
"rail_69506","rail_69506"
"rail_69949","rail_69949"
"rail_60414","rail_60414"
"rail_68555","rail_68555"
"rail_65971","rail_65971"
"rail_69598","rail_69598"
"rail_60674","rail_60674"
"rail_60450","rail_60450"
"rail_64227","rail_64227"
"rail_60987","rail_60987"
"rail_67148","rail_67148"
"rail_63444","rail_63444"
"rail_67023","rail_67023"
"rail_60642","rail_60642"
"rail_68310","rail_68310"
"rail_69751","rail_69751"
"rail_69938","rail_69938"
